-- 创建员工管理数据库
create TABLE W_STAFF
(
STAFF_ID VARCHAR(20) NOT NULL,
STAFF_NAME VARCHAR(20) NOT NULL,
STAFF_GENDER enum('男','女'),
STAFF_POSITION VARCHAR(50),
STAFF_POWER INT(2) NOT NULL,
PRIMARY KEY(STAFF_ID)
);
-- 创建EasyUI后台菜单按钮
create TABLE W_B_MENUS
(
ID VARCHAR(20) NOT NULL,
PID VARCHAR(20) NULL,
TEXT VARCHAR(50) NULL,
STATUS VARCHAR(20) NULL,
URL VARCHAR(100) NULL,
PRIMARY KEY(ID),
UNIQUE (TEXT)
);
-- 测试数据
INSERT INTO W_B_MENUS (ID,PID,TEXT,STATUS,URL)VALUES('1','','员工管理','CLOSED','');
INSERT INTO W_B_MENUS (ID,PID,TEXT,STATUS,URL)VALUES('2','','数据管理','CLOSED','');
INSERT INTO W_B_MENUS (ID,PID,TEXT,STATUS,URL)VALUES('11','1','员工权限管理','','');
INSERT INTO W_B_MENUS (ID,PID,TEXT,STATUS,URL)VALUES('12','1','员工信息管理','','');
INSERT INTO W_B_MENUS (ID,PID,TEXT,STATUS,URL)VALUES('21','2','数据信息导入','','');
INSERT INTO W_B_MENUS (ID,PID,TEXT,STATUS,URL)VALUES('22','2','数据信息导出','','');
INSERT INTO W_B_MENUS (ID,PID,TEXT,STATUS,URL)VALUES('111','11','添加新员工','','');
INSERT INTO W_B_MENUS (ID,PID,TEXT,STATUS,URL)VALUES('112','11','修改员工权限','','');
INSERT INTO W_B_MENUS (ID,PID,TEXT,STATUS,URL)VALUES('113','11','删除员工','','');
INSERT INTO W_B_MENUS (ID,PID,TEXT,STATUS,URL)VALUES('121','12','查询员工信息','','');
INSERT INTO W_B_MENUS (ID,PID,TEXT,STATUS,URL)VALUES('122','12','添加员工信息','','');
INSERT INTO W_B_MENUS (ID,PID,TEXT,STATUS,URL)VALUES('123','12','删除员工信息','','');
-- 创建AdminLTE前端页面菜单按钮
-- create TABLE W_F_MENUS
-- (
-- MENUID VARCHAR(20) NOT NULL,
-- PMENUID VARCHAR(20) NULL,
-- MENUNAME VARCHAR(50) NULL,
-- MENUSTATUS VARCHAR(20) NULL,
-- MENUURL VARCHAR(100) NULL,
-- PRIMARY KEY(MENUID),
-- UNIQUE (MENUNAME)
-- );
-- INSERT INTO `warehousecf`.`w_f_menus` (`MENUID`, `PMENUID`, `MENUNAME`, `MENUSTATUS`, `MENUURL`) VALUES ('1', '', '设计元素', 'CLOSED', '');
-- INSERT INTO `warehousecf`.`w_f_menus` (`MENUID`, `PMENUID`, `MENUNAME`, `MENUSTATUS`, `MENUURL`) VALUES ('11', '1', '颜色', '', '/design/color/data.html');
-- INSERT INTO `warehousecf`.`w_f_menus` (`MENUID`, `PMENUID`, `MENUNAME`, `MENUSTATUS`, `MENUURL`) VALUES ('12', '1', '品牌', '', '/design/brand/data.html');
-- INSERT INTO `warehousecf`.`w_f_menus` (`MENUID`, `PMENUID`, `MENUNAME`, `MENUSTATUS`, `MENUURL`) VALUES ('13', '1', '尺码', '', '');
-- INSERT INTO `warehousecf`.`w_f_menus` (`MENUID`, `PMENUID`, `MENUNAME`, `MENUSTATUS`, `MENUURL`) VALUES ('14', '1', '工艺', '', '');
-- INSERT INTO `warehousecf`.`w_f_menus` (`MENUID`, `PMENUID`, `MENUNAME`, `MENUSTATUS`, `MENUURL`) VALUES ('15', '1', '季节', '', '');
-- INSERT INTO `warehousecf`.`w_f_menus` (`MENUID`, `PMENUID`, `MENUNAME`, `MENUSTATUS`, `MENUURL`) VALUES ('16', '1', '部位', '', '');
-- INSERT INTO `warehousecf`.`w_f_menus` (`MENUID`, `PMENUID`, `MENUNAME`, `MENUSTATUS`, `MENUURL`) VALUES ('2', '', '物料管理', 'CLOSED', '');

-- 创建AdminLTE前端页面菜单按钮
create TABLE W_F_MENUTREE
(
MENUID VARCHAR(20) NOT NULL COMMENT '按钮的编号',
PMENUID VARCHAR(20) NULL COMMENT '按钮的父编号',
MENUNAME VARCHAR(50) NULL COMMENT '按钮的名称',
MENUSTATUS VARCHAR(20) NULL COMMENT '按钮的状态',
MENUURL VARCHAR(100) NULL COMMENT '按钮的链接',
MENUICON VARCHAR(50) NOT NULL COMMENT '按钮的图标',
MENUAUTH VARCHAR(2) NOT NULL COMMENT '按钮的权限编号',
PRIMARY KEY(MENUID),
UNIQUE (MENUNAME)
);
INSERT INTO `warehousecf`.`w_f_menutree` (`MENUID`, `PMENUID`, `MENUNAME`, `MENUSTATUS`, `MENUURL`, `MENUICON`, `MENUAUTH`) VALUES ('1', '', '设计元素', 'CLOSED', '', 'fa-paint-brush', '0');
INSERT INTO `warehousecf`.`w_f_menutree` (`MENUID`, `PMENUID`, `MENUNAME`, `MENUSTATUS`, `MENUURL`, `MENUICON`, `MENUAUTH`) VALUES ('11', '1', '颜色', '', '/design/color/data.html', 'fa-dashboard', '0');
INSERT INTO `warehousecf`.`w_f_menutree` (`MENUID`, `PMENUID`, `MENUNAME`, `MENUSTATUS`, `MENUURL`, `MENUICON`, `MENUAUTH`) VALUES ('12', '1', '品牌', '', '/design/brand/data.html', 'fa-trademark', '0');
INSERT INTO `warehousecf`.`w_f_menutree` (`MENUID`, `PMENUID`, `MENUNAME`, `MENUSTATUS`, `MENUURL`, `MENUICON`, `MENUAUTH`) VALUES ('13', '1', '尺码', '', '/design/size/data.html', 'fa-compress', '0');
INSERT INTO `warehousecf`.`w_f_menutree` (`MENUID`, `PMENUID`, `MENUNAME`, `MENUSTATUS`, `MENUURL`, `MENUICON`, `MENUAUTH`) VALUES ('14', '1', '工艺', '', '/design/craft/data.html', 'fa-scissors', '0');
INSERT INTO `warehousecf`.`w_f_menutree` (`MENUID`, `PMENUID`, `MENUNAME`, `MENUSTATUS`, `MENUURL`, `MENUICON`, `MENUAUTH`) VALUES ('15', '1', '季节', '', '/design/season/data.html', 'fa-tree', '0');
INSERT INTO `warehousecf`.`w_f_menutree` (`MENUID`, `PMENUID`, `MENUNAME`, `MENUSTATUS`, `MENUURL`, `MENUICON`, `MENUAUTH`) VALUES ('16', '1', '部位', '', '/design/part/data.html', 'fa-hand-paper-o', '0');
INSERT INTO `warehousecf`.`w_f_menutree` (`MENUID`, `PMENUID`, `MENUNAME`, `MENUSTATUS`, `MENUURL`, `MENUICON`, `MENUAUTH`) VALUES ('17', '1', '单位', '', '/design/unit/data.html', 'fa-balance-scale', '0');
INSERT INTO `warehousecf`.`w_f_menutree` (`MENUID`, `PMENUID`, `MENUNAME`, `MENUSTATUS`, `MENUURL`, `MENUICON`, `MENUAUTH`) VALUES ('2', '', '物料管理', 'CLOSED', '', 'fa-th', '0');
-- 创建颜色大类
create TABLE W_B_COLOR
(
COLOR_ID VARCHAR(2) NOT NULL COMMENT '大类颜色的编号',
COLOR_NAME VARCHAR(20) NULL COMMENT '大类颜色的名称',
COLOR_REMARK VARCHAR(100) NULL COMMENT '预留备注',
PRIMARY KEY(COLOR_ID)
);
INSERT INTO `warehousecf`.`w_b_color` (`COLOR_ID`, `COLOR_NAME`, `COLOR_REMARK`) VALUES ('1', '红', NULL);
INSERT INTO `warehousecf`.`w_b_color` (`COLOR_ID`, `COLOR_NAME`, `COLOR_REMARK`) VALUES ('2', '橙', NULL);
INSERT INTO `warehousecf`.`w_b_color` (`COLOR_ID`, `COLOR_NAME`, `COLOR_REMARK`) VALUES ('3', '黄', NULL);
INSERT INTO `warehousecf`.`w_b_color` (`COLOR_ID`, `COLOR_NAME`, `COLOR_REMARK`) VALUES ('4', '绿', NULL);
INSERT INTO `warehousecf`.`w_b_color` (`COLOR_ID`, `COLOR_NAME`, `COLOR_REMARK`) VALUES ('5', '蓝', NULL);
INSERT INTO `warehousecf`.`w_b_color` (`COLOR_ID`, `COLOR_NAME`, `COLOR_REMARK`) VALUES ('6', '靛', NULL);
INSERT INTO `warehousecf`.`w_b_color` (`COLOR_ID`, `COLOR_NAME`, `COLOR_REMARK`) VALUES ('7', '紫', NULL);
INSERT INTO `warehousecf`.`w_b_color` (`COLOR_ID`, `COLOR_NAME`, `COLOR_REMARK`) VALUES ('8', '黑', NULL);
INSERT INTO `warehousecf`.`w_b_color` (`COLOR_ID`, `COLOR_NAME`, `COLOR_REMARK`) VALUES ('9', '白', NULL);
INSERT INTO `warehousecf`.`w_b_color` (`COLOR_ID`, `COLOR_NAME`, `COLOR_REMARK`) VALUES ('10', '其他', NULL);

-- 创建颜色子类
create TABLE W_F_COLOR_BRANCH
(
COLOR_BRANCH_ID int(20) NOT NULL AUTO_INCREMENT COMMENT '子类颜色的编号',
COLOR_BRANCH_NAME VARCHAR(20) NULL COMMENT '子类颜色的名称',
COLOR_BRANCH_PARENT VARCHAR(2) NULL COMMENT '父类颜色的名称',
COLOR_BRANCH_REMARK VARCHAR(100) NULL COMMENT '预留备注',
PRIMARY KEY(COLOR_BRANCH_ID),
UNIQUE (COLOR_BRANCH_NAME),
FOREIGN KEY(COLOR_BRANCH_PARENT) REFERENCES W_B_COLOR(COLOR_ID)
);
-- 测试数据
INSERT INTO `warehousecf`.`W_F_COLOR_BRANCH` ( `COLOR_BRANCH_NAME`, `COLOR_BRANCH_PARENT`, `COLOR_BRANCH_REMARK`) VALUES ('朱红', '1', '');
INSERT INTO `warehousecf`.`W_F_COLOR_BRANCH` ( `COLOR_BRANCH_NAME`, `COLOR_BRANCH_PARENT`, `COLOR_BRANCH_REMARK`) VALUES ('炎', '1', '');
INSERT INTO `warehousecf`.`W_F_COLOR_BRANCH` ( `COLOR_BRANCH_NAME`, `COLOR_BRANCH_PARENT`, `COLOR_BRANCH_REMARK`) VALUES ('石榴红', '1', '');
INSERT INTO `warehousecf`.`W_F_COLOR_BRANCH` ( `COLOR_BRANCH_NAME`, `COLOR_BRANCH_PARENT`, `COLOR_BRANCH_REMARK`) VALUES ('大红', '1', '');
INSERT INTO `warehousecf`.`W_F_COLOR_BRANCH` ( `COLOR_BRANCH_NAME`, `COLOR_BRANCH_PARENT`, `COLOR_BRANCH_REMARK`) VALUES ('酡红', '1', '');
INSERT INTO `warehousecf`.`W_F_COLOR_BRANCH` ( `COLOR_BRANCH_NAME`, `COLOR_BRANCH_PARENT`, `COLOR_BRANCH_REMARK`) VALUES ('嫣红', '1', '');
INSERT INTO `warehousecf`.`W_F_COLOR_BRANCH` ( `COLOR_BRANCH_NAME`, `COLOR_BRANCH_PARENT`, `COLOR_BRANCH_REMARK`) VALUES ('粉红', '1', '');
INSERT INTO `warehousecf`.`W_F_COLOR_BRANCH` ( `COLOR_BRANCH_NAME`, `COLOR_BRANCH_PARENT`, `COLOR_BRANCH_REMARK`) VALUES ('海棠红', '1', '');
INSERT INTO `warehousecf`.`W_F_COLOR_BRANCH` ( `COLOR_BRANCH_NAME`, `COLOR_BRANCH_PARENT`, `COLOR_BRANCH_REMARK`) VALUES ('茜色', '1', '');
INSERT INTO `warehousecf`.`W_F_COLOR_BRANCH` ( `COLOR_BRANCH_NAME`, `COLOR_BRANCH_PARENT`, `COLOR_BRANCH_REMARK`) VALUES ('枣红', '1', '');
INSERT INTO `warehousecf`.`W_F_COLOR_BRANCH` ( `COLOR_BRANCH_NAME`, `COLOR_BRANCH_PARENT`, `COLOR_BRANCH_REMARK`) VALUES ('殷红', '1', '');
INSERT INTO `warehousecf`.`W_F_COLOR_BRANCH` ( `COLOR_BRANCH_NAME`, `COLOR_BRANCH_PARENT`, `COLOR_BRANCH_REMARK`) VALUES ('胭脂', '1', '');
INSERT INTO `warehousecf`.`W_F_COLOR_BRANCH` ( `COLOR_BRANCH_NAME`, `COLOR_BRANCH_PARENT`, `COLOR_BRANCH_REMARK`) VALUES ('赤', '1', '');
INSERT INTO `warehousecf`.`W_F_COLOR_BRANCH` ( `COLOR_BRANCH_NAME`, `COLOR_BRANCH_PARENT`, `COLOR_BRANCH_REMARK`) VALUES ('绯红', '1', '');
INSERT INTO `warehousecf`.`W_F_COLOR_BRANCH` ( `COLOR_BRANCH_NAME`, `COLOR_BRANCH_PARENT`, `COLOR_BRANCH_REMARK`) VALUES ('妃色', '1', '');
INSERT INTO `warehousecf`.`W_F_COLOR_BRANCH` ( `COLOR_BRANCH_NAME`, `COLOR_BRANCH_PARENT`, `COLOR_BRANCH_REMARK`) VALUES ('火红', '1', '');
INSERT INTO `warehousecf`.`W_F_COLOR_BRANCH` ( `COLOR_BRANCH_NAME`, `COLOR_BRANCH_PARENT`, `COLOR_BRANCH_REMARK`) VALUES ('酡颜', '1', '');
INSERT INTO `warehousecf`.`W_F_COLOR_BRANCH` ( `COLOR_BRANCH_NAME`, `COLOR_BRANCH_PARENT`, `COLOR_BRANCH_REMARK`) VALUES ('银红', '1', '');
INSERT INTO `warehousecf`.`W_F_COLOR_BRANCH` ( `COLOR_BRANCH_NAME`, `COLOR_BRANCH_PARENT`, `COLOR_BRANCH_REMARK`) VALUES ('品红', '1', '');
INSERT INTO `warehousecf`.`W_F_COLOR_BRANCH` ( `COLOR_BRANCH_NAME`, `COLOR_BRANCH_PARENT`, `COLOR_BRANCH_REMARK`) VALUES ('洋红', '1', '');
INSERT INTO `warehousecf`.`W_F_COLOR_BRANCH` ( `COLOR_BRANCH_NAME`, `COLOR_BRANCH_PARENT`, `COLOR_BRANCH_REMARK`) VALUES ('丹', '2', '');
INSERT INTO `warehousecf`.`W_F_COLOR_BRANCH` ( `COLOR_BRANCH_NAME`, `COLOR_BRANCH_PARENT`, `COLOR_BRANCH_REMARK`) VALUES ('彤', '2', '');
INSERT INTO `warehousecf`.`W_F_COLOR_BRANCH` ( `COLOR_BRANCH_NAME`, `COLOR_BRANCH_PARENT`, `COLOR_BRANCH_REMARK`) VALUES ('橙色', '2', '');
INSERT INTO `warehousecf`.`W_F_COLOR_BRANCH` ( `COLOR_BRANCH_NAME`, `COLOR_BRANCH_PARENT`, `COLOR_BRANCH_REMARK`) VALUES ('橘黄', '2', '');
INSERT INTO `warehousecf`.`W_F_COLOR_BRANCH` ( `COLOR_BRANCH_NAME`, `COLOR_BRANCH_PARENT`, `COLOR_BRANCH_REMARK`) VALUES ('杏红', '2', '');
INSERT INTO `warehousecf`.`W_F_COLOR_BRANCH` ( `COLOR_BRANCH_NAME`, `COLOR_BRANCH_PARENT`, `COLOR_BRANCH_REMARK`) VALUES ('杏黄', '2', '');
INSERT INTO `warehousecf`.`W_F_COLOR_BRANCH` ( `COLOR_BRANCH_NAME`, `COLOR_BRANCH_PARENT`, `COLOR_BRANCH_REMARK`) VALUES ('橙黄', '2', '');
INSERT INTO `warehousecf`.`W_F_COLOR_BRANCH` ( `COLOR_BRANCH_NAME`, `COLOR_BRANCH_PARENT`, `COLOR_BRANCH_REMARK`) VALUES ('黄栌', '3', '');
INSERT INTO `warehousecf`.`W_F_COLOR_BRANCH` ( `COLOR_BRANCH_NAME`, `COLOR_BRANCH_PARENT`, `COLOR_BRANCH_REMARK`) VALUES ('赤金', '3', '');
INSERT INTO `warehousecf`.`W_F_COLOR_BRANCH` ( `COLOR_BRANCH_NAME`, `COLOR_BRANCH_PARENT`, `COLOR_BRANCH_REMARK`) VALUES ('鸭黄', '3', '');
INSERT INTO `warehousecf`.`W_F_COLOR_BRANCH` ( `COLOR_BRANCH_NAME`, `COLOR_BRANCH_PARENT`, `COLOR_BRANCH_REMARK`) VALUES ('鹅黄', '3', '');
INSERT INTO `warehousecf`.`W_F_COLOR_BRANCH` ( `COLOR_BRANCH_NAME`, `COLOR_BRANCH_PARENT`, `COLOR_BRANCH_REMARK`) VALUES ('秋香色', '3', '');
INSERT INTO `warehousecf`.`W_F_COLOR_BRANCH` ( `COLOR_BRANCH_NAME`, `COLOR_BRANCH_PARENT`, `COLOR_BRANCH_REMARK`) VALUES ('琥珀', '3', '');
INSERT INTO `warehousecf`.`W_F_COLOR_BRANCH` ( `COLOR_BRANCH_NAME`, `COLOR_BRANCH_PARENT`, `COLOR_BRANCH_REMARK`) VALUES ('棕色', '3', '');
INSERT INTO `warehousecf`.`W_F_COLOR_BRANCH` ( `COLOR_BRANCH_NAME`, `COLOR_BRANCH_PARENT`, `COLOR_BRANCH_REMARK`) VALUES ('棕红', '3', '');
INSERT INTO `warehousecf`.`W_F_COLOR_BRANCH` ( `COLOR_BRANCH_NAME`, `COLOR_BRANCH_PARENT`, `COLOR_BRANCH_REMARK`) VALUES ('棕黄', '3', '');
INSERT INTO `warehousecf`.`W_F_COLOR_BRANCH` ( `COLOR_BRANCH_NAME`, `COLOR_BRANCH_PARENT`, `COLOR_BRANCH_REMARK`) VALUES ('棕黑', '3', '');
INSERT INTO `warehousecf`.`W_F_COLOR_BRANCH` ( `COLOR_BRANCH_NAME`, `COLOR_BRANCH_PARENT`, `COLOR_BRANCH_REMARK`) VALUES ('褐色', '3', '');
INSERT INTO `warehousecf`.`W_F_COLOR_BRANCH` ( `COLOR_BRANCH_NAME`, `COLOR_BRANCH_PARENT`, `COLOR_BRANCH_REMARK`) VALUES ('秋色', '3', '');
INSERT INTO `warehousecf`.`W_F_COLOR_BRANCH` ( `COLOR_BRANCH_NAME`, `COLOR_BRANCH_PARENT`, `COLOR_BRANCH_REMARK`) VALUES ('昏黄', '3', '');
INSERT INTO `warehousecf`.`W_F_COLOR_BRANCH` ( `COLOR_BRANCH_NAME`, `COLOR_BRANCH_PARENT`, `COLOR_BRANCH_REMARK`) VALUES ('枯黄', '3', '');

-- 创建品牌
create TABLE W_F_BRAND
(
BRAND_ID int(20) NOT NULL AUTO_INCREMENT COMMENT '品牌的编号',
BRAND_NAME VARCHAR(20) NULL COMMENT '品牌的名称',
BRAND_DES VARCHAR(100) NULL COMMENT '品牌描述',
BRAND_REMARK VARCHAR(100) NULL COMMENT '预留备注',
PRIMARY KEY(BRAND_ID),
UNIQUE (BRAND_NAME)
);
-- 测试数据
INSERT INTO `warehousecf`.`w_f_brand` (`BRAND_NAME`, `BRAND_DES`, `BRAND_REMARK`) VALUES ('阿迪达斯', '阿迪达斯运动系列', NULL);
INSERT INTO `warehousecf`.`w_f_brand` (`BRAND_NAME`, `BRAND_DES`, `BRAND_REMARK`) VALUES ('香柏树', '香柏树系列', NULL);
INSERT INTO `warehousecf`.`w_f_brand` (`BRAND_NAME`, `BRAND_DES`, `BRAND_REMARK`) VALUES ('夜光杯', '夜光杯动系列', NULL);
INSERT INTO `warehousecf`.`w_f_brand` (`BRAND_NAME`, `BRAND_DES`, `BRAND_REMARK`) VALUES ('Google谷歌', 'Google谷歌', NULL);
INSERT INTO `warehousecf`.`w_f_brand` (`BRAND_NAME`, `BRAND_DES`, `BRAND_REMARK`) VALUES ('Apple苹果', 'Apple苹果', NULL);
INSERT INTO `warehousecf`.`w_f_brand` (`BRAND_NAME`, `BRAND_DES`, `BRAND_REMARK`) VALUES ('Amazon亚马逊', 'Amazon亚马逊', NULL);
INSERT INTO `warehousecf`.`w_f_brand` (`BRAND_NAME`, `BRAND_DES`, `BRAND_REMARK`) VALUES ('Microsoft微软', 'Microsoft微软', NULL);
INSERT INTO `warehousecf`.`w_f_brand` (`BRAND_NAME`, `BRAND_DES`, `BRAND_REMARK`) VALUES ('Coca-Cola可口可乐', 'Coca-Cola可口可乐', NULL);
INSERT INTO `warehousecf`.`w_f_brand` (`BRAND_NAME`, `BRAND_DES`, `BRAND_REMARK`) VALUES ('IBM', 'IBM', NULL);
INSERT INTO `warehousecf`.`w_f_brand` (`BRAND_NAME`, `BRAND_DES`, `BRAND_REMARK`) VALUES ('MCDONALD', '麦当劳', NULL);
INSERT INTO `warehousecf`.`w_f_brand` (`BRAND_NAME`, `BRAND_DES`, `BRAND_REMARK`) VALUES ('Intel英特尔', 'Intel英特尔', NULL);
INSERT INTO `warehousecf`.`w_f_brand` (`BRAND_NAME`, `BRAND_DES`, `BRAND_REMARK`) VALUES ('BMW宝马', 'BMW宝马', NULL);
INSERT INTO `warehousecf`.`w_f_brand` (`BRAND_NAME`, `BRAND_DES`, `BRAND_REMARK`) VALUES ('Disney迪士尼', 'Disney迪士尼', NULL);
INSERT INTO `warehousecf`.`w_f_brand` (`BRAND_NAME`, `BRAND_DES`, `BRAND_REMARK`) VALUES ('Walmart沃尔玛', 'Walmart沃尔玛', NULL);
INSERT INTO `warehousecf`.`w_f_brand` (`BRAND_NAME`, `BRAND_DES`, `BRAND_REMARK`) VALUES ('国家电网STATEGRID', '国家电网STATEGRID', NULL);
INSERT INTO `warehousecf`.`w_f_brand` (`BRAND_NAME`, `BRAND_DES`, `BRAND_REMARK`) VALUES ('中国石化Sinopec', '中国石化Sinopec', NULL);
INSERT INTO `warehousecf`.`w_f_brand` (`BRAND_NAME`, `BRAND_DES`, `BRAND_REMARK`) VALUES ('中国石油CNPC', '中国石油CNPC', NULL);
INSERT INTO `warehousecf`.`w_f_brand` (`BRAND_NAME`, `BRAND_DES`, `BRAND_REMARK`) VALUES ('Shell壳牌', 'Shell壳牌', NULL);
INSERT INTO `warehousecf`.`w_f_brand` (`BRAND_NAME`, `BRAND_DES`, `BRAND_REMARK`) VALUES ('TOYOTA丰田', 'TOYOTA丰田', NULL);
INSERT INTO `warehousecf`.`w_f_brand` (`BRAND_NAME`, `BRAND_DES`, `BRAND_REMARK`) VALUES ('Volkswagen大众', 'Volkswagen大众', NULL);
INSERT INTO `warehousecf`.`w_f_brand` (`BRAND_NAME`, `BRAND_DES`, `BRAND_REMARK`) VALUES ('英国石油公司', '英国石油公司', NULL);
INSERT INTO `warehousecf`.`w_f_brand` (`BRAND_NAME`, `BRAND_DES`, `BRAND_REMARK`) VALUES ('Mobil美孚', 'Mobil美孚', NULL);

-- 创建尺码管理表
create TABLE W_B_SIZE
(
SIZE_ID INT(10) NOT NULL AUTO_INCREMENT COMMENT '尺码的编号',
SIZE_NAME VARCHAR(20) NULL COMMENT '尺码的名称',
SIZE_REMARK VARCHAR(100) NULL,
PRIMARY KEY(SIZE_ID),
UNIQUE (SIZE_NAME)
);
INSERT INTO `warehousecf`.`w_b_size` (`SIZE_ID`, `SIZE_NAME`, `SIZE_REMARK`) VALUES ('1', '小童', NULL);
INSERT INTO `warehousecf`.`w_b_size` (`SIZE_ID`, `SIZE_NAME`, `SIZE_REMARK`) VALUES ('2', '中童', NULL);
INSERT INTO `warehousecf`.`w_b_size` (`SIZE_ID`, `SIZE_NAME`, `SIZE_REMARK`) VALUES ('3', '大童', NULL);
INSERT INTO `warehousecf`.`w_b_size` (`SIZE_ID`, `SIZE_NAME`, `SIZE_REMARK`) VALUES ('4', '成人', NULL);

-- 创建尺码管理表
create TABLE W_F_SIZE_BRANCH
(
SIZE_BRANCH_ID INT(20) NOT NULL AUTO_INCREMENT COMMENT '子类尺码的编号',
SIZE_BRANCH_NAME VARCHAR(20) NOT NULL COMMENT '子类尺码的名称',
SIZE_BRANCH_PARENT INT(10) NOT NULL COMMENT '父类尺码的编号',
SIZE_BRANCH_REMARK INT(100) NULL,
PRIMARY KEY(SIZE_BRANCH_ID),
UNIQUE (SIZE_BRANCH_NAME),
FOREIGN KEY(SIZE_BRANCH_PARENT) REFERENCES W_F_SIZE(SIZE_ID)
);
-- 测试数据
INSERT INTO `warehousecf`.`w_f_size_branch` (`SIZE_BRANCH_NAME`, `SIZE_BRANCH_PARENT`, `SIZE_BRANCH_REMARK`) VALUES ('小童M', '1', NULL);
INSERT INTO `warehousecf`.`w_f_size_branch` (`SIZE_BRANCH_NAME`, `SIZE_BRANCH_PARENT`, `SIZE_BRANCH_REMARK`) VALUES ('小童L', '1', NULL);
INSERT INTO `warehousecf`.`w_f_size_branch` (`SIZE_BRANCH_NAME`, `SIZE_BRANCH_PARENT`, `SIZE_BRANCH_REMARK`) VALUES ('小童XL', '1', NULL);
INSERT INTO `warehousecf`.`w_f_size_branch` (`SIZE_BRANCH_NAME`, `SIZE_BRANCH_PARENT`, `SIZE_BRANCH_REMARK`) VALUES ('中童S', '2', NULL);
INSERT INTO `warehousecf`.`w_f_size_branch` (`SIZE_BRANCH_NAME`, `SIZE_BRANCH_PARENT`, `SIZE_BRANCH_REMARK`) VALUES ('中童M', '2', NULL);
INSERT INTO `warehousecf`.`w_f_size_branch` (`SIZE_BRANCH_NAME`, `SIZE_BRANCH_PARENT`, `SIZE_BRANCH_REMARK`) VALUES ('中童L', '2', NULL);
INSERT INTO `warehousecf`.`w_f_size_branch` (`SIZE_BRANCH_NAME`, `SIZE_BRANCH_PARENT`, `SIZE_BRANCH_REMARK`) VALUES ('中童XL', '2', NULL);
INSERT INTO `warehousecf`.`w_f_size_branch` (`SIZE_BRANCH_NAME`, `SIZE_BRANCH_PARENT`, `SIZE_BRANCH_REMARK`) VALUES ('大童S', '3', NULL);
INSERT INTO `warehousecf`.`w_f_size_branch` (`SIZE_BRANCH_NAME`, `SIZE_BRANCH_PARENT`, `SIZE_BRANCH_REMARK`) VALUES ('大童M', '3', NULL);
INSERT INTO `warehousecf`.`w_f_size_branch` (`SIZE_BRANCH_NAME`, `SIZE_BRANCH_PARENT`, `SIZE_BRANCH_REMARK`) VALUES ('大童L', '3', NULL);
INSERT INTO `warehousecf`.`w_f_size_branch` (`SIZE_BRANCH_NAME`, `SIZE_BRANCH_PARENT`, `SIZE_BRANCH_REMARK`) VALUES ('大童XL', '3', NULL);
INSERT INTO `warehousecf`.`w_f_size_branch` (`SIZE_BRANCH_NAME`, `SIZE_BRANCH_PARENT`, `SIZE_BRANCH_REMARK`) VALUES ('成人S', '4', NULL);
INSERT INTO `warehousecf`.`w_f_size_branch` (`SIZE_BRANCH_NAME`, `SIZE_BRANCH_PARENT`, `SIZE_BRANCH_REMARK`) VALUES ('成人M', '4', NULL);
INSERT INTO `warehousecf`.`w_f_size_branch` (`SIZE_BRANCH_NAME`, `SIZE_BRANCH_PARENT`, `SIZE_BRANCH_REMARK`) VALUES ('成人L', '4', NULL);
INSERT INTO `warehousecf`.`w_f_size_branch` (`SIZE_BRANCH_NAME`, `SIZE_BRANCH_PARENT`, `SIZE_BRANCH_REMARK`) VALUES ('成人XL', '4', NULL);
INSERT INTO `warehousecf`.`w_f_size_branch` (`SIZE_BRANCH_NAME`, `SIZE_BRANCH_PARENT`, `SIZE_BRANCH_REMARK`) VALUES ('成人XXL', '4', NULL);
-- 创建工艺管理表
create TABLE W_F_CRAFT
(
CRAFT_ID INT(20) NOT NULL AUTO_INCREMENT COMMENT '工艺的编号',
CRAFT_NAME VARCHAR(20) NOT NULL COMMENT '工艺的名称',
CRAFT_DES VARCHAR(100) NULL COMMENT '工艺备注',
CRAFT_REMARK INT(100) NULL,
PRIMARY KEY(CRAFT_ID),
UNIQUE (CRAFT_NAME)
);
-- 测试数据
INSERT INTO `warehousecf`.`w_f_craft` (`CRAFT_NAME`, `CRAFT_DES`, `CRAFT_REMARK`) VALUES ('热印花', '热能印花', NULL);
INSERT INTO `warehousecf`.`w_f_craft` (`CRAFT_NAME`, `CRAFT_DES`, `CRAFT_REMARK`) VALUES ('冷印花', '冷冻印花', NULL);
INSERT INTO `warehousecf`.`w_f_craft` (`CRAFT_NAME`, `CRAFT_DES`, `CRAFT_REMARK`) VALUES ('棉麻刺绣', '棉麻刺绣', NULL);

-- 创建季节管理表
create TABLE W_F_SEASON
(
SEASON_ID INT(10) NOT NULL AUTO_INCREMENT COMMENT '季节的编号',
SEASON_NAME VARCHAR(20) NOT NULL COMMENT '季节的名称',
SEASON_REMARK VARCHAR(100) NULL,
PRIMARY KEY(SEASON_ID),
UNIQUE (SEASON_NAME)
);
-- 测试数据
INSERT INTO `warehousecf`.`w_f_season` (`SEASON_NAME`, `SEASON_REMARK`) VALUES ('春', NULL);
INSERT INTO `warehousecf`.`w_f_season` (`SEASON_NAME`, `SEASON_REMARK`) VALUES ('夏', NULL);
INSERT INTO `warehousecf`.`w_f_season` (`SEASON_NAME`, `SEASON_REMARK`) VALUES ('秋', NULL);
INSERT INTO `warehousecf`.`w_f_season` (`SEASON_NAME`, `SEASON_REMARK`) VALUES ('冬', NULL);

-- 创建部位管理表
create TABLE W_F_PART
(
PART_ID INT(20) NOT NULL AUTO_INCREMENT COMMENT '部位的编号',
PART_NAME VARCHAR(20) NOT NULL COMMENT '部位的名称',
PART_DES VARCHAR(100) NULL COMMENT '部位的备注',
PART_REMARK VARCHAR(100) NULL,
PRIMARY KEY(PART_ID),
UNIQUE (PART_NAME)
);
-- 测试数据
INSERT INTO `warehousecf`.`w_f_part` (`PART_NAME`, `PART_DES`, `PART_REMARK`) VALUES ('手', '手部', NULL);
INSERT INTO `warehousecf`.`w_f_part` (`PART_NAME`, `PART_DES`, `PART_REMARK`) VALUES ('小腿', '小腿部位', NULL);
INSERT INTO `warehousecf`.`w_f_part` (`PART_NAME`, `PART_DES`, `PART_REMARK`) VALUES ('大腿', NULL, NULL);
INSERT INTO `warehousecf`.`w_f_part` (`PART_NAME`, `PART_DES`, `PART_REMARK`) VALUES ('前胸', NULL, NULL);
INSERT INTO `warehousecf`.`w_f_part` (`PART_NAME`, `PART_DES`, `PART_REMARK`) VALUES ('后背', NULL, NULL);
INSERT INTO `warehousecf`.`w_f_part` (`PART_NAME`, `PART_DES`, `PART_REMARK`) VALUES ('腰', NULL, NULL);

-- 创建单位管理表
create TABLE W_F_UNIT
(
UNIT_ID INT(20) NOT NULL AUTO_INCREMENT COMMENT '单位的编号',
UNIT_NAME VARCHAR(20) NOT NULL COMMENT '单位的名称',
UNIT_DES VARCHAR(100) NULL COMMENT '单位的备注',
UNIT_REMARK VARCHAR(100) NULL,
PRIMARY KEY(UNIT_ID),
UNIQUE (UNIT_NAME)
);
-- 测试数据
INSERT INTO `warehousecf`.`w_f_unit` (`UNIT_NAME`, `UNIT_DES`, `UNIT_REMARK`) VALUES ('毫米', NULL, NULL);
INSERT INTO `warehousecf`.`w_f_unit` (`UNIT_NAME`, `UNIT_DES`, `UNIT_REMARK`) VALUES ('厘米', NULL, NULL);
INSERT INTO `warehousecf`.`w_f_unit` (`UNIT_NAME`, `UNIT_DES`, `UNIT_REMARK`) VALUES ('分米', NULL, NULL);
INSERT INTO `warehousecf`.`w_f_unit` (`UNIT_NAME`, `UNIT_DES`, `UNIT_REMARK`) VALUES ('米', NULL, NULL);
